affiliate_product_row_id,affiliate_product_id,name,brand,retailer,department,category,category_level_1,category_level_2,category_level_3,category_path,description,availability,affiliate_condition,price_currency,price_msrp,price_sale,size,original_color,primary_hex_color,primary_color_family,material,pattern,original_product_category,attr_color,attr_size,attr_fabric,attr_print,attr_occasion,attr_neckline,attr_sleeve_length,attr_sleeve_shape,attr_length,attr_waist,attr_inseam,attr_leg_shape,attr_shaft_height,attr_heel_height,attr_heel_shape,attr_toe_shape,attr_closure,attr_layer,image_filename
1,ZOE-CHICCO-9923970,14k Heavy Metal Chain Ring,Zoe Chicco,Shopbop,WOMEN,Rings,Jewelry,Rings,,Jewelry > Rings,This modern ring by Zoe Chicco is a closet staple. It is in 14k yellow gold.,IN_STOCK,NEW,USD,695,417,7,14k Yellow Gold,#CEA93F,Gold,,,Jewelry > Rings,Gold,7,,,,,,,,,,,,,,,,,14k-heavy-metal-chain-ring.jpg
2,ZOE-CHICCO-7532027,14k White Gold Thin Band Ring,Zoe Chicco,Shopbop,WOMEN,Rings,Jewelry,Rings,,Jewelry > Rings,Zoe Chicco's structured take on the ring. It is in white gold.,IN_STOCK,NEW,USD,145,108.75,7,White Gold,#EFF4FA,White,,,Jewelry > Rings,White,7,,,,,,,,,,,,,,,,,14k-white-gold-thin-band-ring.jpg
3,AUTUMN-ADEIG-0472161,Alicia Dress,Autumn Adeigbo,Shopbop,WOMEN,Cocktail,Dresses,Cocktail,,Dresses > Cocktail,"A refined cocktail dress from Autumn Adeigbo. It is cut from cotton fabric, in cream/black, finished with a square neckline. Styled for event.",IN_STOCK,NEW,USD,875,875,2,Cream/Black,#212118,Black,Cotton,Solid,Dresses > Cocktail,Black,2,Cotton,Solid,Event,Square,Sleeveless,,Mini,High,,,,,,,,,alicia-dress.jpg
4,JONATHAN-SIM-3042248,Annette Loungewear Henley Dress,Jonathan Simkhai,Shopbop,WOMEN,Slipdresses,Dresses,Slipdresses,,Dresses > Slipdresses,"Jonathan Simkhai's structured take on the slipdress. It is cut from stretchy fabric, in ecru, finished with a v-neck neckline. Styled for lounge.",IN_STOCK,NEW,USD,395,395,S,Ecru,#F4EADD,Cream,Stretchy,Solid,Dresses > Slipdresses,Cream,S,Stretchy,Solid,Lounge,V-Neck,Sleeveless,,Midi,Mid,,,,Low (1 in - 2 in),,Round,Button,,annette-loungewear-henley-dress.jpg
5,ALEXANDER-WA-0409841,Anya Crystal Flat Slide Sandals,Alexander Wang,Shopbop,WOMEN,Strappy,Footwear,Sandals,Strappy,Footwear > Sandals > Strappy,"This versatile strappy shoe by Alexander Wang is a closet staple. It is cut from leather fabric, in black, sleeveless sleeves. Styled for everyday.",IN_STOCK,NEW,USD,495,297,38.5,Black,#1D141A,Black,Leather,Solid,Footwear > Sandals > Strappy,Black,38.5,Leather,Solid,Everyday,,Sleeveless,,,,,,,Flat (<1 in),Flat,Open,,,anya-crystal-flat-slide-sandals.jpg
6,ALEXANDER-WA-0409841-01,Anya Crystal Flat Slide Sandals - Black,Alexander Wang,Shopbop,WOMEN,Strappy,Footwear,Sandals,Strappy,Footwear > Sandals > Strappy,"Alexander Wang's understated take on the strappy shoe. It is cut from knit fabric, in black, a flat (<1 in) heel. Styled for everyday.",IN_STOCK,NEW,USD,495,495,38,Black,#22201B,Black,Knit,Solid,Footwear > Sandals > Strappy,Black,38,Knit,Solid,Everyday,,,,,,,,,Flat (<1 in),Flat,Square,,,anya-crystal-flat-slide-sandals.jpg
7,BIRKENSTOCK-6961829,Arizona Shearling Sandals,Birkenstock,Shopbop,WOMEN,Strappy,Footwear,Sandals,Strappy,Footwear > Sandals > Strappy,"Birkenstock's laid-back take on the strappy shoe. It is cut from leather fabric, in plaid white/natural, a flat (<1 in) heel. Styled for everyday.",OUT_OF_STOCK,USED,USD,125,87.5,38,Plaid White/Natural,#C0AB7F,Tan,Leather,Solid,Footwear > Sandals > Strappy,Tan,38,Leather,Solid,Everyday,,,,,,,,,Flat (<1 in),Flat,Open,Buckle,,arizona-shearling-sandals.jpg
8,BIRKENSTOCK-6961829-01,Arizona Shearling Sandals - Maroon/Maroon,Birkenstock,Shopbop,WOMEN,Strappy,Footwear,Sandals,Strappy,Footwear > Sandals > Strappy,"Birkenstock's refined take on the strappy shoe. It is cut from leather fabric, in maroon/maroon, a flat (<1 in) heel.",IN_STOCK,NEW,USD,150,105,38,Maroon/Maroon,#D02529,Red,Leather,Solid,Footwear > Sandals > Strappy,Red,38,Leather,Solid,,,,,,,,,,Flat (<1 in),Flat,Open,Buckle,,arizona-shearling-sandals.jpg
9,STAUD-1054322,Astro Dress,STAUD,Shopbop,WOMEN,Sundresses,Dresses,Sundresses,,Dresses > Sundresses,"A modern sundress from STAUD. It is cut from cotton fabric, in black, finished with a square neckline. Styled for everyday.",IN_STOCK,NEW,USD,375,375,0,Black,#1F181D,Black,Cotton,Solid,Dresses > Sundresses,Black,0,Cotton,Solid,Everyday,Square,Short,Puffy,Maxi,Mid,,,,,,,,,astro-dress.jpg
10,REFORMATION-6782836,Aubree Linen Dress,Reformation,Shopbop,WOMEN,Sundresses,Dresses,Sundresses,,Dresses > Sundresses,"This relaxed sundress by Reformation is a closet staple. It is cut from cotton fabric, in a stripe print, finished with a square neckline. Styled for everyday.",IN_STOCK,NEW,USD,98,98,S,Vineyard,#FFFCF7,White,Cotton,Stripe,Dresses > Sundresses,White,S,Cotton,Stripe,Everyday,Square,Sleeveless,,Mini,Mid,,,,,,,,,aubree-linen-dress.jpg
11,ULLA-JOHNSON-0456883,Blair Top,Ulla Johnson,Shopbop,WOMEN,Blouses,Tops,Blouses,,Tops > Blouses,"This understated blouse by Ulla Johnson is a closet staple. It is cut from cotton fabric, in blanc, finished with a v-neck neckline. Styled for everyday.",IN_STOCK,NEW,USD,195,195,P,Blanc,#F8F7ED,White,Cotton,Solid,Tops > Blouses,White,,Cotton,Solid,Everyday,V-Neck,Short,Puffy,Cropped,,,,,,,,,,blair-top.jpg
12,TIBI-9679470,Bleached Denim Sid Jeans,Tibi,Shopbop,WOMEN,Jeans,Bottoms,Jeans,,Bottoms > Jeans,"A refined jeans from Tibi. It is cut from cotton fabric, in bleached denim, an ankle length. Styled for everyday.",BACKORDER,NEW,USD,425,382.5,24,Bleached Denim,#264BAD,Blue,Cotton,Solid,Bottoms > Jeans,Blue,24,Cotton,Solid,Everyday,,,,Ankle,Mid,Regular (30 in - 33 in),Wide Leg,,,,,,,bleached-denim-sid-jeans.jpg
13,TIBI-9679470-01,Bleached Denim Sid Jeans - Bleached Denim,Tibi,Shopbop,WOMEN,Jeans,Bottoms,Jeans,,Bottoms > Jeans,"A refined jeans from Tibi. It is cut from cotton fabric, in bleached denim, an ankle length. Styled for everyday.",IN_STOCK,NEW,USD,425,425,25,Bleached Denim,#314ABA,Blue,Cotton,Solid,Bottoms > Jeans,Blue,25,Cotton,Solid,Everyday,,,,Ankle,Mid,Regular (30 in - 33 in),Wide Leg,,,,,,,bleached-denim-sid-jeans.jpg
14,FRESCOBOL-CA-7788056,Blue Teal Nylon Copacabana P,Frescobol Carioca,Bergdorf Goodman,WOMEN,Trunks,Bottoms,Swim,Trunks,Bottoms > Swim > Trunks,"Frescobol Carioca's understated take on the trunk. It is cut from swim fabric, in ocean blue/topaz, a short length. Styled for vacation.",IN_STOCK,NEW,USD,90,54,S,Ocean Blue/topaz,#2C52B0,Blue,Swim,Solid,Bottoms > Swim > Trunks,Blue,S,Swim,Solid,Vacation,,,,Short,,,,,,,,,,blue-teal-nylon-copacabana-p.jpg
15,LA-DOUBLE-J-6281060,Bowling Cardigan,La Double J,Shopbop,WOMEN,Cardigans,Tops,Sweaters & Knits,Cardigans,Tops > Sweaters & Knits > Cardigans,"A relaxed cardigan from La Double J. It is cut from knit fabric, in a stripe print, finished with a v-neck neckline. Styled for everyday.",IN_STOCK,NEW,USD,495,445.5,XS,Nero-Cammello-Giallo,#EBD739,Yellow,Knit,Stripe,Tops > Sweaters & Knits > Cardigans,Yellow,XS,Knit,Stripe,Everyday,V-Neck,Long,,Long,,,,,,,,Button,,bowling-cardigan.jpg
16,SKIN-4773295,Brea Caftan,Skin,Shopbop,WOMEN,Blouses,Tops,Blouses,,Tops > Blouses,"Skin's refined take on the blouse. It is cut from cotton fabric, in white, finished with a collared neckline. Styled for everyday.",IN_STOCK,NEW,USD,288,216,0,White,#F4FDFB,White,Cotton,Solid,Tops > Blouses,White,0,Cotton,Solid,Everyday,Collared,Long,Puffy,Midi,,,,,,,,,,brea-caftan.jpg
17,SEA-9407718,Cam Twill Pants,Sea,Shopbop,WOMEN,Cargo,Bottoms,Pants,Cargo,Bottoms > Pants > Cargo,"A versatile cargo bottoms from Sea. It is cut from cotton fabric, in army, an ankle length. Styled for everyday.",IN_STOCK,NEW,USD,295,250.75,XS,Army,#2F8943,Green,Cotton,Solid,Bottoms > Pants > Cargo,Green,XS,Cotton,Solid,Everyday,,,,Ankle,Mid,Regular (30 in - 33 in),Wide Leg,,,,,Button,,cam-twill-pants.jpg
18,SEA-9407718-01,Cam Twill Pants - Black,Sea,Shopbop,WOMEN,Cargo,Bottoms,Pants,Cargo,Bottoms > Pants > Cargo,"Sea's structured take on the cargo bottoms. It is cut from cotton fabric, in black, an ankle length.",IN_STOCK,NEW,USD,295,177,,Black,#288844,Green,Cotton,,Bottoms > Pants > Cargo,Green,,Cotton,,,,,,Ankle,,,,,,,,,,cam-twill-pants.jpg
19,HELMUT-LANG-9031519,Camel V Neck Sweater,Helmut Lang,Shopbop,WOMEN,Pullovers,Tops,Sweaters & Knits,Pullovers,Tops > Sweaters & Knits > Pullovers,"Helmut Lang's laid-back take on the pullover. It is cut from knit fabric, in precision heather, finished with a v-neck neckline. Styled for everyday.",IN_STOCK,NEW,USD,450,405,S,Precision Heather,#94948C,Grey,Knit,Solid,Tops > Sweaters & Knits > Pullovers,Grey,S,Knit,Solid,Everyday,V-Neck,Long,Cuffed,,,,,,,,,,,camel-v-neck-sweater.jpg
20,CANADA-GOOSE-7735379,Camp Hoody,Canada Goose,Shopbop,WOMEN,Puffers & Parkas,Tops,Jackets & Coats,Puffers & Parkas,Tops > Jackets & Coats > Puffers & Parkas,"This relaxed puffers & parkas by Canada Goose is a closet staple. It is cut from knit fabric, in black, finished with a hooded neckline. Styled for active.",IN_STOCK,NEW,USD,575,517.5,S,Black,#22181D,Black,Knit,Solid,Tops > Jackets & Coats > Puffers & Parkas,Black,S,Knit,Solid,Active,Hooded,Long,,,Mid,,,,,,,Zipper,Outer,camp-hoody.jpg
21,SEA-1512829,Cara Twill Shorts,Sea,Shopbop,WOMEN,Tailored,Bottoms,Shorts,Tailored,Bottoms > Shorts > Tailored,"A refined tailored bottoms from Sea. It is cut from cotton fabric, in khaki, a short length. Styled for everyday.",IN_STOCK,NEW,USD,275,206.25,0,Khaki,#2F8648,Green,Cotton,Solid,Bottoms > Shorts > Tailored,Green,0,Cotton,Solid,Everyday,,,,Short,High,Short (<6 in),,,,,,,,cara-twill-shorts.jpg
22,LESLIE-AMON-2131721,Carla Bikini Top,Leslie Amon,Shopbop,WOMEN,Bikinis,Tops,Swim,Bikinis,Tops > Swim > Bikinis,"Leslie Amon's relaxed take on the bikini. It is cut from stretchy fabric, in a polkadot print, finished with a strapless neckline. Styled for vacation.",IN_STOCK,NEW,USD,53,31.8,One Size,Polka Dots Crinkle,#F7F7FD,White,Stretchy,Polkadot,Tops > Swim > Bikinis,White,,Stretchy,Polkadot,Vacation,Strapless,Sleeveless,,Bra,High,,,,,,,,,carla-bikini-top.jpg
23,DENIMIST-2194128,Carpenter Drop Pants,Denimist,Shopbop,WOMEN,Jeans,Bottoms,Jeans,,Bottoms > Jeans,"Denimist's understated take on the jeans. It is cut from cotton fabric, in jinx, an ankle length. Styled for everyday.",IN_STOCK,NEW,USD,265,185.5,24,Jinx,#304EB8,Blue,Cotton,Solid,Bottoms > Jeans,Blue,24,Cotton,Solid,Everyday,,,,Ankle,High,Regular (30 in - 33 in),Wide Leg,,,,,,,carpenter-drop-pants.jpg
24,DENIMIST-2194128-01,Carpenter Drop Pants - Light Blue White Stripe,Denimist,Shopbop,WOMEN,Jeans,Bottoms,Jeans,,Bottoms > Jeans,"This easy-wearing jeans by Denimist is a closet staple. It is cut from cotton fabric, in a stripe print, an ankle length. Styled for everyday.",IN_STOCK,NEW,USD,295,265.5,25,Light Blue White Stripe,#FBF5FC,White,Cotton,Stripe,Bottoms > Jeans,White,25,Cotton,Stripe,Everyday,,,,Ankle,Mid,Regular (30 in - 33 in),Wide Leg,,,,,,,carpenter-drop-pants.jpg
25,DENIMIST-2194128-02,Carpenter Drop Pants - Light Blue White Stripe,Denimist,Shopbop,WOMEN,Jeans,Bottoms,Jeans,,Bottoms > Jeans,"Denimist's elevated take on the jeans. It is cut from cotton fabric, in a stripe print, an ankle length. Styled for everyday.",IN_STOCK,NEW,USD,295,236,24,Light Blue White Stripe,#FFFEF6,White,Cotton,Stripe,Bottoms > Jeans,White,24,Cotton,Stripe,Everyday,,,,Ankle,Mid,Regular (30 in - 33 in),Wide Leg,,,,,,,carpenter-drop-pants.jpg
26,STAUD-3443832,Caterina Shorts,STAUD,Shopbop,WOMEN,Tailored,Bottoms,Shorts,Tailored,Bottoms > Shorts > Tailored,"STAUD's polished take on the tailored bottoms. It is cut from cotton fabric, in wild orchid, a short length. Styled for everyday.",PREORDER,NEW,USD,195,195,S,Wild Orchid,#F084B1,Pink,Cotton,Solid,Bottoms > Shorts > Tailored,Pink,S,Cotton,Solid,Everyday,,,,Short,High,Short (<6 in),,,,,,,,caterina-shorts.jpg
27,TIBI-1262775,Classic Menswear Gabe Oversized Shirt,Tibi,Shopbop,WOMEN,Button Downs,Tops,Button Downs,,Tops > Button Downs,"Tibi's relaxed take on the button down. It is cut from cotton fabric, in tan/white multi, finished with a collared neckline. Styled for everyday.",IN_STOCK,NEW,USD,325,195,XS,Tan/White Multi,#C5AA80,Tan,Cotton,Solid,Tops > Button Downs,Tan,XS,Cotton,Solid,Everyday,Collared,Long,,Midi,,,,,,,,,,classic-menswear-gabe-oversized-shirt.jpg
28,FREE-PEOPLE-5530380,Classic Striped Crew,Free People,Shopbop,WOMEN,Pullovers,Tops,Sweaters & Knits,Pullovers,Tops > Sweaters & Knits > Pullovers,"Free People's laid-back take on the pullover. It is cut from cotton fabric, in a stripe print, finished with a crew neckline. Styled for everyday.",IN_STOCK,NEW,USD,98,83.3,S,Black Combo,#F0F8F8,White,Cotton,Stripe,Tops > Sweaters & Knits > Pullovers,White,S,Cotton,Stripe,Everyday,Crew,Long,,Mid,,,,,,,,,,classic-striped-crew.jpg
29,AREA-7070912,Crystal Bustier Cup T-Shirt,Area,Shopbop,WOMEN,Bodysuits,Tops,Bodysuits,,Tops > Bodysuits,"A laid-back bodysuit from Area. It is cut from stretchy fabric, in white, finished with a strapless neckline. Styled for everyday.",IN_STOCK,NEW,USD,495,445.5,M,White,#FCF7F3,White,Stretchy,Solid,Tops > Bodysuits,White,M,Stretchy,Solid,Everyday,Strapless,Sleeveless,,Bra,,,,,,,,,Base,crystal-bustier-cup-t-shirt.jpg
30,AREA-7070912-01,Crystal Bustier Cup T-Shirt - White,Area,Shopbop,WOMEN,Bodysuits,Tops,Bodysuits,,Tops > Bodysuits,"A versatile bodysuit from Area. It is cut from stretchy fabric, in white, finished with a strapless neckline. Styled for everyday.",IN_STOCK,NEW,USD,495,396,S,White,#F6FAFA,White,Stretchy,Solid,Tops > Bodysuits,White,S,Stretchy,Solid,Everyday,Strapless,Sleeveless,,Bra,,,,,,,,,Base,crystal-bustier-cup-t-shirt.jpg
31,ISABEL-MARAN-4998889,Dalo Jacket,Isabel Marant,Shopbop,WOMEN,Puffers & Parkas,Tops,Jackets & Coats,Puffers & Parkas,Tops > Jackets & Coats > Puffers & Parkas,"Isabel Marant's laid-back take on the puffers & parkas. It is cut from knit fabric, in black, finished with a hooded neckline. Styled for everyday.",IN_STOCK,NEW,USD,1075,1075,S,Black,#16231B,Black,Knit,Solid,Tops > Jackets & Coats > Puffers & Parkas,Black,S,Knit,Solid,Everyday,Hooded,Long,Puffy,Mid,Mid,,,,,,,Zipper,Outer,dalo-jacket.jpg
32,R13-1173297,Damon Overalls,R13,Shopbop,WOMEN,Jeans,Bottoms,Jeans,,Bottoms > Jeans,"R13's relaxed take on the jeans. It is cut from cotton fabric, in toni blue, sleeveless sleeves. Styled for everyday.",IN_STOCK,NEW,USD,895,537,XS,Toni Blue,#314CB0,Blue,Cotton,Solid,Bottoms > Jeans,Blue,XS,Cotton,Solid,Everyday,,Sleeveless,,Ankle,High,,Wide Leg,,,,,,,damon-overalls.jpg
33,MADEWELL-9891623,Denim Sleeveless Mini Dress,Madewell,Shopbop,WOMEN,Sundresses,Dresses,Sundresses,,Dresses > Sundresses,"Madewell's laid-back take on the sundress. It is cut from cotton fabric, in fitzgerald wash, finished with a square neckline. Styled for everyday.",PREORDER,NEW,USD,128,128,2,Fitzgerald Wash,#3055B1,Blue,Cotton,Solid,Dresses > Sundresses,Blue,2,Cotton,Solid,Everyday,Square,Sleeveless,,Mini,Mid,,,,,,,,,denim-sleeveless-mini-dress.jpg
34,MADEWELL-9891623-01,Denim Sleeveless Mini Dress - Fitzgerald Wash,Madewell,Shopbop,WOMEN,Sundresses,Dresses,Sundresses,,Dresses > Sundresses,"This relaxed sundress by Madewell is a closet staple. It is cut from cotton fabric, in fitzgerald wash, finished with a square neckline. Styled for everyday.",IN_STOCK,NEW,USD,128,115.2,0,Fitzgerald Wash,#284CB1,Blue,Cotton,Solid,Dresses > Sundresses,Blue,0,Cotton,Solid,Everyday,Square,Sleeveless,,Mini,Mid,,,,,,,,,denim-sleeveless-mini-dress.jpg
35,JUUN-J-9704495,Denim Slip Dress,Juun. J,Shopbop,WOMEN,Slipdresses,Dresses,Slipdresses,,Dresses > Slipdresses,"This understated slipdress by Juun. J is a closet staple. It is cut from cotton fabric, in blue p, finished with a sweetheart neckline. Styled for everyday.",BACKORDER,NEW,USD,990,841.5,34,Blue P,#3151BC,Blue,Cotton,Solid,Dresses > Slipdresses,Blue,34,Cotton,Solid,Everyday,Sweetheart,Sleeveless,,Midi,High,,,,,,,,,denim-slip-dress.jpg
36,MACH-MACH-0197333,Double Bow Crystallized  High Heels,MACH & MACH,Shopbop,WOMEN,Strappy,Footwear,Pumps,Strappy,Footwear > Pumps > Strappy,"A modern strappy shoe from MACH & MACH. It is cut from leather fabric, in transparent in silver, a high (>3 in) heel. Styled for night out.",IN_STOCK,NEW,USD,1030,618,38,Transparent in Silver,#C3C0C8,Silver,Leather,Solid,Footwear > Pumps > Strappy,Silver,38,Leather,Solid,Night Out,,,,,,,,,High (>3 in),Skinny,Pointed,Buckle,,double-bow-crystallized-high-heels.jpg
37,SHOPBOP-HOME-2377944,Dusen Dusen Knit Throw,Shopbop @Home,Shopbop,UNISEX,Home,Home,,,Home,"A modern home from Shopbop @Home. It is cut from knit fabric, in a stripe print.",PREORDER,NEW,USD,180,135,One Size,Multi Stripe,#F7FFF3,White,Knit,Stripe,Home,Multi,,Knit,Stripe,,,,,,,,,,,,,,,dusen-dusen-knit-throw.jpg
38,GOOD-AMERICA-2612764,Easy Shirt,Good American,Shopbop,WOMEN,Button Downs,Tops,Button Downs,,Tops > Button Downs,"A polished button down from Good American. It is cut from cotton fabric, in blue549, finished with a collared neckline. Styled for everyday.",IN_STOCK,NEW,USD,129,129,0,Blue549,#2958B0,Blue,Cotton,Solid,Tops > Button Downs,Blue,0,Cotton,Solid,Everyday,Collared,Long,,,,,,,,,,Button,,easy-shirt.jpg
39,A-L-C-7409196,Eberly Top,A.L.C.,Shopbop,WOMEN,Pullovers,Tops,Sweaters & Knits,Pullovers,Tops > Sweaters & Knits > Pullovers,"A structured pullover from A.L.C.. It is cut from stretchy fabric, in white, finished with a turtleneck neckline. Styled for everyday.",IN_STOCK,NEW,USD,195,195,S,White,#FAF3FA,White,Stretchy,Solid,Tops > Sweaters & Knits > Pullovers,White,L,Stretchy,Solid,Everyday,Turtleneck,Long,Fitted,Cropped,Mid,,,,,,,,Mid 1,eberly-top.jpg
40,SWEATY-BETTY-6451501,Essentials Joggers,Sweaty Betty,Shopbop,WOMEN,Sweatpants,Bottoms,Pants,Sweatpants,Bottoms > Pants > Sweatpants,"A structured sweatpant from Sweaty Betty. It is cut from stretchy fabric, in mid grey marl, an ankle length. Styled for active.",IN_STOCK,NEW,USD,78,54.6,S,Mid Grey Marl,#948589,Grey,Stretchy,Solid,Bottoms > Pants > Sweatpants,Grey,S,Stretchy,Solid,Active,,,,Ankle,Mid,Regular (30 in - 33 in),Jogger,,,,,,,essentials-joggers.jpg
41,SIMON-MILLER-4744001,F230 Bandi Mules,Simon Miller,Shopbop,WOMEN,Mules,Footwear,Espadrilles,Mules,Footwear > Espadrilles > Mules,"Simon Miller's relaxed take on the mule. It is cut from leather fabric, in a animal print, a low (1 in - 2 in) heel. Styled for everyday.",IN_STOCK,NEW,USD,595,416.5,38,Zebra Trip,#1D1A18,Black,Leather,Animal,Footwear > Espadrilles > Mules,Multi,38,Leather,Animal,Everyday,,,,,,,,,Low (1 in - 2 in),Wedge,Open,,,f230-bandi-mules.jpg
42,Z-SUPPLY-2931893,Face Coverings 4 Pack,Z Supply,Shopbop,UNISEX,Travel,Accessories,Travel,,Accessories > Travel,"This elevated travel accessory by Z Supply is a closet staple. It is cut from cotton fabric, in camo green/black. Styled for everyday.",IN_STOCK,NEW,USD,24,21.6,One Size,Camo Green/Black,#232218,Black,Cotton,Solid,Accessories > Travel,Black,,Cotton,Solid,Everyday,,,,,,,,,,,,,,face-coverings-4-pack.jpg
43,STAND-STUDIO-9991987,Farrah Coat,STAND STUDIO,Shopbop,WOMEN,Puffers & Parkas,Tops,Jackets & Coats,Puffers & Parkas,Tops > Jackets & Coats > Puffers & Parkas,"An elevated puffers & parkas from STAND STUDIO. It is cut from cotton fabric, in black, finished with a hooded neckline. Styled for everyday.",IN_STOCK,NEW,USD,798,478.8,36,Black,#151C14,Black,Cotton,Solid,Tops > Jackets & Coats > Puffers & Parkas,Black,36,Cotton,Solid,Everyday,Hooded,Long,,Long,,,,,,,,Snap,Outer,farrah-coat.jpg
44,STAND-STUDIO-9991987-01,Farrah Coat - Black,STAND STUDIO,Shopbop,WOMEN,Puffers & Parkas,Tops,Jackets & Coats,Puffers & Parkas,Tops > Jackets & Coats > Puffers & Parkas,"A relaxed puffers & parkas from STAND STUDIO. It is cut from cotton fabric, in black, finished with a hooded neckline. Styled for everyday.",IN_STOCK,NEW,USD,798,678.3,32,Black,#161817,Black,Cotton,Solid,Tops > Jackets & Coats > Puffers & Parkas,Black,32,Cotton,Solid,Everyday,Hooded,Long,,Long,,,,,,,,Zipper,Outer,farrah-coat.jpg
45,TIBI-4026125,Faux Leather Dress,Tibi,Shopbop,WOMEN,Slipdresses,Dresses,Slipdresses,,Dresses > Slipdresses,"This modern slipdress by Tibi is a closet staple. It is cut from leather fabric, in black, finished with a square neckline. Styled for everyday.",IN_STOCK,NEW,USD,695,695,0,Black,#201B16,Black,Leather,Solid,Dresses > Slipdresses,Black,0,Leather,Solid,Everyday,Square,Sleeveless,,Midi,,,,,Low (1 in - 2 in),,Pointed,,,faux-leather-dress.jpg
46,TIBI-4026125-01,Faux Leather Dress - Black,Tibi,Shopbop,WOMEN,Slipdresses,Dresses,Slipdresses,,Dresses > Slipdresses,"A refined slipdress from Tibi. It is cut from leather fabric, in black, finished with a square neckline. Styled for everyday.",IN_STOCK,NEW,USD,695,695,0,Black,#212021,Black,Leather,Solid,Dresses > Slipdresses,Black,0,Leather,Solid,Everyday,Square,Sleeveless,,Midi,Mid,,,,Low (1 in - 2 in),,Pointed,,,faux-leather-dress.jpg
47,PROENZA-SCHO-1825883,Faux Leather Shorts,Proenza Schouler White Label,Shopbop,WOMEN,Tailored,Bottoms,Shorts,Tailored,Bottoms > Shorts > Tailored,"A modern tailored bottoms from Proenza Schouler White Label. It is cut from leather fabric, in black, a short length. Styled for everyday.",IN_STOCK,NEW,USD,450,450,XS,Black,#1A2419,Black,Leather,Solid,Bottoms > Shorts > Tailored,Black,XS,Leather,Solid,Everyday,,,,Short,High,Short (<6 in),,,,,,,,faux-leather-shorts.jpg
48,MISA-0776225,Fernanda Dress,MISA,Shopbop,WOMEN,Slipdresses,Dresses,Slipdresses,,Dresses > Slipdresses,"MISA's structured take on the slipdress. It is cut from stretchy fabric, in a graphic print, finished with a scoop neckline. Styled for vacation.",BACKORDER,USED,USD,380,380,S,Disco Matrix,#C5C1C0,Silver,Stretchy,Graphic,Dresses > Slipdresses,Multi,S,Stretchy,Graphic,Vacation,Scoop,Sleeveless,,Maxi,Mid,,,,,,,,,fernanda-dress.jpg
49,LAFCO-NEW-YO-4801007,Feu De Bois Ski House Candle,LAFCO New York,Shopbop,UNISEX,Home,Home,,,Home,LAFCO New York's elevated take on the home. It is in feu de bois.,IN_STOCK,NEW,USD,65,65,One Size,Feu De Bois,#FFF8F4,White,,,Home,White,,,,,,,,,,,,,,,,,,feu-de-bois-ski-house-candle.jpg
50,HELMUT-LANG-5552841,Flat Front Shorts,Helmut Lang,Shopbop,WOMEN,Tailored,Bottoms,Shorts,Tailored,Bottoms > Shorts > Tailored,"Helmut Lang's structured take on the tailored bottoms. It is cut from suiting fabric, in black, a short length. Styled for everyday.",OUT_OF_STOCK,NEW,USD,350,280,0,Black,#142423,Black,Suiting,Solid,Bottoms > Shorts > Tailored,Black,0,Suiting,Solid,Everyday,,,,Short,High,Short (<6 in),,,High (>3 in),Skinny,Pointed,Zipper,,flat-front-shorts.jpg
51,ROXANNE-ASSO-9460272,Flower Stud Earrings,Roxanne Assoulin,Shopbop,WOMEN,Earrings,Jewelry,Earrings,,Jewelry > Earrings,A relaxed earring from Roxanne Assoulin. It is in multi.,IN_STOCK,NEW,USD,75,56.25,One Size,Multi,#304AB4,Blue,,,Jewelry > Earrings,Multi,,,,,,,,,,,,,,,,,,flower-stud-earrings.jpg
52,STAND-STUDIO-7097786,Frederica Coat,STAND STUDIO,Shopbop,WOMEN,Puffers & Parkas,Tops,Jackets & Coats,Puffers & Parkas,Tops > Jackets & Coats > Puffers & Parkas,"A polished puffers & parkas from STAND STUDIO. It is cut from cotton fabric, in rust, finished with a hooded neckline.",OUT_OF_STOCK,USED,USD,998,748.5,32,Rust,#76512D,Brown,Cotton,Solid,Tops > Jackets & Coats > Puffers & Parkas,Brown,32,Cotton,Solid,,Hooded,Long,,Long,,,,,,,,Zipper,Outer,frederica-coat.jpg
53,AJE-2065229,Freecycle Denim Dress,Aje,Shopbop,WOMEN,Shirtdresses,Dresses,Shirtdresses,,Dresses > Shirtdresses,"A versatile shirtdress from Aje. It is cut from cotton fabric, in multi denim, finished with a collared neckline. Styled for everyday.",BACKORDER,USED,USD,425,340,4,Multi Denim,#284BB6,Blue,Cotton,Solid,Dresses > Shirtdresses,Multi,4,Cotton,Solid,Everyday,Collared,Short,Puffy,Mini,High,,,,,,,Button,,freecycle-denim-dress.jpg
54,WIPEYS-9055674,Hand Wipes,WIPEYS,Shopbop,UNISEX,Skincare,Beauty,Skincare,,Beauty > Skincare,"A structured skincare beauty pick from WIPEYS. It is cut from cotton fabric, in green. Styled for everyday.",IN_STOCK,NEW,USD,24,18,One Size,Green,#338A4C,Green,Cotton,Solid,Beauty > Skincare,Green,,Cotton,Solid,Everyday,,,,,,,,,,,,,,hand-wipes.jpg
55,JENNY-BIRD-7068658,Henry Anklet,Jenny Bird,Shopbop,WOMEN,Anklets,Jewelry,Anklets,,Jewelry > Anklets,"A relaxed anklet from Jenny Bird. It is cut from leather fabric, in high polish gold.",OUT_OF_STOCK,USED,USD,120,72,One Size,High Polish Gold,#CCA746,Gold,Leather,,Jewelry > Anklets,Gold,,Leather,,,,,,,,,,,,,,,,henry-anklet.jpg
56,VINCE-4205748,High Waist Pleat Front Shorts,Vince,Shopbop,WOMEN,Tailored,Bottoms,Shorts,Tailored,Bottoms > Shorts > Tailored,"This versatile tailored bottoms by Vince is a closet staple. It is cut from cotton fabric, in amber wave, sleeveless sleeves. Styled for everyday.",IN_STOCK,NEW,USD,325,243.75,0,Amber Wave,#C5A27C,Tan,Cotton,Solid,Bottoms > Shorts > Tailored,Tan,0,Cotton,Solid,Everyday,,Sleeveless,,Short,High,,,,,,,Zipper,,high-waist-pleat-front-shorts.jpg
57,VINCE-4205748-01,High Waist Pleat Front Shorts - Black,Vince,Shopbop,WOMEN,Tailored,Bottoms,Shorts,Tailored,Bottoms > Shorts > Tailored,"Vince's elevated take on the tailored bottoms. It is cut from suiting fabric, in black, a short length. Styled for everyday.",OUT_OF_STOCK,USED,USD,325,276.25,0,Black,#14201B,Black,Suiting,Solid,Bottoms > Shorts > Tailored,Black,0,Suiting,Solid,Everyday,,,,Short,High,Short (<6 in),,,,,,,,high-waist-pleat-front-shorts.jpg
58,L-SPACE-2388003,Jackie Bikini Bottoms,L*Space,Shopbop,WOMEN,Bikinis,Bottoms,Swim,Bikinis,Bottoms > Swim > Bikinis,"An easy-wearing bikini from L*Space. It is cut from stretchy fabric, in black, sleeveless sleeves. Styled for vacation.",OUT_OF_STOCK,NEW,USD,99,99,S,Black,#171523,Black,Stretchy,Solid,Bottoms > Swim > Bikinis,Black,L,Stretchy,Solid,Vacation,,Sleeveless,,Short,High,Short (<6 in),,,,,,,,jackie-bikini-bottoms.jpg
59,EBERJEY-1899076,Jane Bikini Top,Eberjey,Shopbop,WOMEN,Bikinis,Tops,Swim,Bikinis,Tops > Swim > Bikinis,"A relaxed bikini from Eberjey. It is cut from knit fabric, in ecru/black, finished with a strapless neckline. Styled for vacation.",IN_STOCK,NEW,USD,108,108,S,Ecru/Black,#20181F,Black,Knit,Solid,Tops > Swim > Bikinis,Black,S,Knit,Solid,Vacation,Strapless,Sleeveless,,Bra,Mid,,,,,,,,,jane-bikini-top.jpg
60,A-P-C-4016692,Jay Knit Polo,A.P.C.,Nordstrom,WOMEN,Polos,Tops,Polos,,Tops > Polos,"An understated polo from A.P.C.. It is cut from knit fabric, in baa beige, finished with a collared neckline. Styled for everyday.",IN_STOCK,NEW,USD,176.99,176.99,Size Medium,BAA BEIGE,#F2E7D6,Cream,Knit,Solid,Tops > Polos,Cream,,Knit,Solid,Everyday,Collared,Short,Cuffed,Mid,,,,,,,,,,jay-knit-polo.jpg
61,NATION-LTD-0463926,Joss Sweatshirt with Draped Sleeves,Nation LTD,Shopbop,WOMEN,Pullovers,Tops,Sweaters & Knits,Pullovers,Tops > Sweaters & Knits > Pullovers,"A polished pullover from Nation LTD. It is cut from cotton fabric, in barbie, finished with a crew neckline. Styled for everyday.",IN_STOCK,NEW,USD,163,130.4,XS,Barbie,#F086AD,Pink,Cotton,Solid,Tops > Sweaters & Knits > Pullovers,Pink,XS,Cotton,Solid,Everyday,Crew,Long,Puffy,Mid,,,,,,,,,,joss-sweatshirt-with-draped-sleeves.jpg
62,SUNNYLIFE-8217377,Lie On Surfboard,SunnyLife,Shopbop,WOMEN,Swim,Bottoms,Swim,,Bottoms > Swim,"A relaxed swim bottoms from SunnyLife. It is cut from swim fabric, in pink, finished with a scoop neckline. Styled for vacation.",IN_STOCK,NEW,USD,60,48,One Size,Pink,#F086AF,Pink,Swim,Solid,Bottoms > Swim,Pink,,Swim,Solid,Vacation,Scoop,Sleeveless,Capped,Midi,Mid,Regular (30 in - 33 in),Straight Leg,Ankle,Flat (<1 in),Flat,Round,Zipper,Base,lie-on-surfboard.jpg
63,VICTORIA-BEC-1667337,Lightweight Cashmere Blend Striped Polo,Victoria Beckham,Shopbop,WOMEN,Polos,Tops,Polos,,Tops > Polos,"A refined polo from Victoria Beckham. It is cut from cotton fabric, in a stripe print, finished with a collared neckline. Styled for everyday.",IN_STOCK,REFURBISHED,USD,750,750,S,Black/White,#F4F3F1,White,Cotton,Stripe,Tops > Polos,White,S,Cotton,Stripe,Everyday,Collared,Long,,,,,,,,,,Button,,lightweight-cashmere-blend-striped-polo.jpg
64,RACHEL-COMEY-1717078,Linberg Shorts,Rachel Comey,Shopbop,WOMEN,Tailored,Bottoms,Shorts,Tailored,Bottoms > Shorts > Tailored,"A laid-back tailored bottoms from Rachel Comey. It is cut from cotton fabric, in black, a short length. Styled for everyday.",BACKORDER,NEW,USD,450,382.5,0,Black,#231C18,Black,Cotton,Solid,Bottoms > Shorts > Tailored,Black,0,Cotton,Solid,Everyday,,,,Short,Mid,Short (<6 in),,,,,,Zipper,,linberg-shorts.jpg
65,FRANKIES-BIK-1523827,Lou Gingham Shorts,Frankies Bikinis,Shopbop,WOMEN,Tailored,Bottoms,Shorts,Tailored,Bottoms > Shorts > Tailored,"This relaxed tailored bottoms by Frankies Bikinis is a closet staple. It is cut from cotton fabric, in a plaid print, sleeveless sleeves. Styled for vacation.",IN_STOCK,NEW,USD,115,115,S,Pink Picnic,#EC8FAB,Pink,Cotton,Plaid,Bottoms > Shorts > Tailored,Pink,L,Cotton,Plaid,Vacation,,Sleeveless,,Short,High,Short (<6 in),,,,,,,,lou-gingham-shorts.jpg
66,FRANKIES-BIK-7335496,Lou Gingham Top,Frankies Bikinis,Shopbop,WOMEN,Button Downs,Tops,Button Downs,,Tops > Button Downs,"Frankies Bikinis' easy-wearing take on the button down. It is cut from cotton fabric, in a check print, finished with a collared neckline. Styled for lounge.",IN_STOCK,NEW,USD,145,145,S,Pink Picnic,#EB93AB,Pink,Cotton,Check,Tops > Button Downs,Pink,S,Cotton,Check,Lounge,Collared,Short,,Short,,,,,,,,Button,,lou-gingham-top.jpg
67,FARM-RIO-6774826,Louise Floral Blouse,FARM Rio,Shopbop,WOMEN,Blouses,Tops,Blouses,,Tops > Blouses,"FARM Rio's versatile take on the blouse. It is cut from cotton fabric, in a floral print, finished with a crew neckline. Styled for everyday.",IN_STOCK,NEW,USD,195,195,XS,Multi,#FEFCFD,White,Cotton,Floral,Tops > Blouses,White,XS,Cotton,Floral,Everyday,Crew,Short,Puffy,Midi,,,,,,,,,,louise-floral-blouse.jpg
68,LESLIE-AMON-2372987,Luna Bikini Bottoms,Leslie Amon,Shopbop,WOMEN,Bikinis,Bottoms,Swim,Bikinis,Bottoms > Swim > Bikinis,"A polished bikini from Leslie Amon. It is cut from swim fabric, in a check print, sleeveless sleeves. Styled for vacation.",IN_STOCK,NEW,USD,53,47.7,XS,Black Vichy,#211B1F,Black,Swim,Check,Bottoms > Swim > Bikinis,Black,L,Swim,Check,Vacation,,Sleeveless,,Short,High,Short (<6 in),,,,,,,,luna-bikini-bottoms.jpg
69,GIA-BORGHINI-7416676,Luna Short Puffy Boots,Gia Borghini,Shopbop,WOMEN,Boots & Booties,Footwear,Boots & Booties,,Footwear > Boots & Booties,"This versatile boots & booties by Gia Borghini is a closet staple. It is cut from knit fabric, in black, a low (1 in - 2 in) heel. Styled for everyday.",IN_STOCK,REFURBISHED,USD,475,427.5,37.5,Black,#1B1D1F,Black,Knit,Solid,Footwear > Boots & Booties,Black,37.5,Knit,Solid,Everyday,,,,,,,,Ankle,Low (1 in - 2 in),Flat,Round,Zipper,,luna-short-puffy-boots.jpg
70,GIA-BORGHINI-7416676-01,Luna Short Puffy Boots - Black,Gia Borghini,Shopbop,WOMEN,Boots & Booties,Footwear,Boots & Booties,,Footwear > Boots & Booties,"This structured boots & booties by Gia Borghini is a closet staple. It is cut from knit fabric, in black, a flat (<1 in) heel. Styled for everyday.",IN_STOCK,NEW,USD,475,403.75,38.5,Black,#1C1C17,Black,Knit,Solid,Footwear > Boots & Booties,Black,38.5,Knit,Solid,Everyday,,,,,,,,Ankle,Flat (<1 in),Flat,Round,Zipper,,luna-short-puffy-boots.jpg
71,TANYA-TAYLOR-0590763,Madilyn Dress,Tanya Taylor,Shopbop,WOMEN,Sundresses,Dresses,Sundresses,,Dresses > Sundresses,"Tanya Taylor's relaxed take on the sundress. It is cut from cotton fabric, in a polkadot print, finished with a v-neck neckline. Styled for weekend.",IN_STOCK,NEW,USD,565,565,0,Sand/Black,#1E221A,Black,Cotton,Polkadot,Dresses > Sundresses,Black,0,Cotton,Polkadot,Weekend,V-Neck,Sleeveless,,Midi,Mid,,,,,,,,,madilyn-dress.jpg
72,AJE-9416502,Memento Cropped Blouse,Aje,Shopbop,WOMEN,Blouses,Tops,Blouses,,Tops > Blouses,"A laid-back blouse from Aje. It is cut from cotton fabric, in ivory/black, finished with a crew neckline. Styled for everyday.",IN_STOCK,NEW,USD,295,177,6,Ivory/Black,#F3F7ED,White,Cotton,Solid,Tops > Blouses,White,6,Cotton,Solid,Everyday,Crew,Long,Puffy,Cropped,High,,,,,,,,,memento-cropped-blouse.jpg
73,TIBI-9992392,Menswear Suiting Cutout Sleeve Marlon Blazer,Tibi,Shopbop,WOMEN,Blazers,Tops,Jackets & Coats,Blazers,Tops > Jackets & Coats > Blazers,"A relaxed blazer from Tibi. It is cut from suiting fabric, in a plaid print, finished with a collared neckline. Styled for work.",IN_STOCK,NEW,USD,695,695,0,White/Black Multi,#8D9390,Grey,Suiting,Plaid,Tops > Jackets & Coats > Blazers,Grey,0,Suiting,Plaid,Work,Collared,Long,Cuffed,,,,,,,,,Button,Outer,menswear-suiting-cutout-sleeve-marlon-blazer.jpg
74,AJE-4381340,Mimosa Cutout Midi Dress,Aje,Shopbop,WOMEN,Cocktail,Dresses,Cocktail,,Dresses > Cocktail,"Aje's polished take on the cocktail dress. It is cut from cotton fabric, in emerald, short sleeves. Styled for event.",OUT_OF_STOCK,NEW,USD,675,675,4,Emerald,#267E47,Green,Cotton,Solid,Dresses > Cocktail,Green,4,Cotton,Solid,Event,,Short,Puffy,Midi,Mid,,,,High (>3 in),Block,Open,,,mimosa-cutout-midi-dress.jpg
75,SANDY-LIANG-6573319,Misty Dress,Sandy Liang,Shopbop,WOMEN,Slipdresses,Dresses,Slipdresses,,Dresses > Slipdresses,"An elevated slipdress from Sandy Liang. It is cut from stretchy fabric, in a floral print, finished with a v-neck neckline. Styled for everyday.",PREORDER,NEW,USD,395,316,XS,Black Tablecloth,#18231F,Black,Stretchy,Floral,Dresses > Slipdresses,Black,XS,Stretchy,Floral,Everyday,V-Neck,Sleeveless,,Midi,Mid,,,,,,,,,misty-dress.jpg
76,FREEDOM-MOSE-8813855,Moses Two Band Slides,Freedom Moses,Shopbop,WOMEN,Flip Flops,Footwear,Sandals,Flip Flops,Footwear > Sandals > Flip Flops,"A polished flip flop from Freedom Moses. It is cut from swim fabric, in black, a flat (<1 in) heel. Styled for everyday.",IN_STOCK,NEW,USD,45,45,8-Jul,Black,#201719,Black,Swim,Solid,Footwear > Sandals > Flip Flops,Black,,Swim,Solid,Everyday,,,,,,,,,Flat (<1 in),Flat,Open,Buckle,,moses-two-band-slides.jpg
77,FREEDOM-MOSE-8813855-01,Moses Two Band Slides - Silverado,Freedom Moses,Shopbop,WOMEN,Flip Flops,Footwear,Sandals,Flip Flops,Footwear > Sandals > Flip Flops,"Freedom Moses' relaxed take on the flip flop. It is cut from swim fabric, in silverado, a flat (<1 in) heel. Styled for everyday.",IN_STOCK,NEW,USD,50,42.5,7-Jun,Silverado,#C4C4C5,Silver,Swim,Solid,Footwear > Sandals > Flip Flops,Silver,,Swim,Solid,Everyday,,,,,,,,,Flat (<1 in),Flat,Open,Buckle,,moses-two-band-slides.jpg
78,FREEDOM-MOSE-8813855-02,Moses Two Band Slides - BAZ,Freedom Moses,Shopbop,WOMEN,Flip Flops,Footwear,Sandals,Flip Flops,Footwear > Sandals > Flip Flops,"This modern flip flop by Freedom Moses is a closet staple. It is cut from swim fabric, in baz, a flat (<1 in) heel. Styled for vacation.",IN_STOCK,NEW,USD,45,38.25,10-Sep,BAZ,#EC8CB6,Pink,Swim,Solid,Footwear > Sandals > Flip Flops,Pink,,Swim,Solid,Vacation,,,,,,,,,Flat (<1 in),Flat,Open,,,moses-two-band-slides.jpg
79,FREEDOM-MOSE-8813855-03,Moses Two Band Slides - Bali Sands,Freedom Moses,Shopbop,WOMEN,Flip Flops,Footwear,Sandals,Flip Flops,Footwear > Sandals > Flip Flops,"An easy-wearing flip flop from Freedom Moses. It is cut from knit fabric, in bali sands, a flat (<1 in) heel. Styled for vacation.",IN_STOCK,NEW,USD,55,41.25,9-Aug,Bali Sands,#CAA187,Tan,Knit,Solid,Footwear > Sandals > Flip Flops,Tan,,Knit,Solid,Vacation,,,,,,,,,Flat (<1 in),Flat,Open,,,moses-two-band-slides.jpg
80,PETITE-PLUME-2472433,Mulberry Silk Green Stripe Camisole Shorts Set,Petite Plume,Shopbop,WOMEN,Intimates,Tops,Intimates,,Tops > Intimates,"This polished intimate by Petite Plume is a closet staple. It is cut from stretchy fabric, in a stripe print, finished with a v-neck neckline. Styled for lounge.",IN_STOCK,NEW,USD,160,144,S,Green White,#348847,Green,Stretchy,Stripe,Tops > Intimates,Green,S,Stretchy,Stripe,Lounge,V-Neck,Sleeveless,,Short,Mid,,,,,,,,,mulberry-silk-green-stripe-camisole-shorts-set.jpg
81,MAISON-LOUIS-1960767,No.08 La Petite Louise Candle,Maison Louis Marie,Shopbop,UNISEX,Home,Home,,,Home,Maison Louis Marie's polished take on the home. It is in no color.,PREORDER,NEW,USD,34,23.8,One Size,No Color,,,,,Home,,,,,,,,,,,,,,,,,,,no-08-la-petite-louise-candle.jpg
82,MAISON-LOUIS-8956606,No.10 Aboukir Candle,Maison Louis Marie,Shopbop,UNISEX,Home,Home,,,Home,A laid-back home from Maison Louis Marie. It is in no color.,IN_STOCK,NEW,USD,34,34,One Size,No Color,,,,,Home,,,,,,,,,,,,,,,,,,,no-10-aboukir-candle.jpg
83,OLIVER-PEOPL-9456665,Op-13 Sun Sunglasses,Oliver Peoples Eyewear,Shopbop,UNISEX,Eyewear,Eyewear,,,Eyewear,"Oliver Peoples Eyewear's modern take on the eyewear. It is cut from knit fabric, in gravel - g-15 polar.",IN_STOCK,NEW,USD,584,496.4,One Size,Gravel - G-15 Polar,#868E8A,Grey,Knit,Solid,Eyewear,Grey,,Knit,Solid,,,,,,,,,,,,,,,op-13-sun-sunglasses.jpg
84,HANKY-PANKY-7802500,Original Rise Cotton Thong 3 Pack,Hanky Panky,Shopbop,WOMEN,Intimates,Bottoms,Intimates,,Bottoms > Intimates,"A relaxed intimate from Hanky Panky. It is cut from stretchy fabric, in plum wine rosita washed indigo. Styled for everyday.",IN_STOCK,NEW,USD,54,54,One Size,Plum Wine Rosita Washed Indigo,#7B43A5,Purple,Stretchy,Solid,Bottoms > Intimates,Purple,,Stretchy,Solid,Everyday,,,,,,,,,,,,,,original-rise-cotton-thong-3-pack.jpg
85,BA-SH-4203079,Osiris Shorts,Ba&sh,Shopbop,WOMEN,Tailored,Bottoms,Shorts,Tailored,Bottoms > Shorts > Tailored,"Ba&sh's understated take on the tailored bottoms. It is cut from cotton fabric, in a stripe print, a short length. Styled for everyday.",IN_STOCK,NEW,USD,185,185,0,Marine,#2F4BB6,Blue,Cotton,Stripe,Bottoms > Shorts > Tailored,Blue,0,Cotton,Stripe,Everyday,,,,Short,High,Short (<6 in),,,,,,,,osiris-shorts.jpg
86,BA-SH-4203079-01,Osiris Shorts - Marine,Ba&sh,Shopbop,WOMEN,Tailored,Bottoms,Shorts,Tailored,Bottoms > Shorts > Tailored,"Ba&sh's refined take on the tailored bottoms. It is cut from cotton fabric, in a stripe print, a short length. Styled for everyday.",IN_STOCK,NEW,USD,185,185,1,Marine,#2A49B4,Blue,Cotton,Stripe,Bottoms > Shorts > Tailored,Blue,,Cotton,Stripe,Everyday,,,,Short,High,Short (<6 in),,,,,,,,osiris-shorts.jpg
87,DENIMIST-5259120,Oversized Cropped Aran Sweater,Denimist,Shopbop,WOMEN,Pullovers,Tops,Sweaters & Knits,Pullovers,Tops > Sweaters & Knits > Pullovers,"This understated pullover by Denimist is a closet staple. It is cut from cotton fabric, in ecru, finished with a crew neckline. Styled for everyday.",IN_STOCK,NEW,USD,395,335.75,S,Ecru,#ECE0D1,Cream,Cotton,Solid,Tops > Sweaters & Knits > Pullovers,Cream,S,Cotton,Solid,Everyday,Crew,Long,Puffy,Cropped,,,,,,,,,,oversized-cropped-aran-sweater.jpg
88,SIMKHAI-1927382,Palma Tank Top,SIMKHAI,Shopbop,WOMEN,Tank Tops,Tops,Tank Tops,,Tops > Tank Tops,"This refined tank top by SIMKHAI is a closet staple. It is cut from stretchy fabric, in black, finished with a scoop neckline. Styled for everyday.",IN_STOCK,NEW,USD,195,136.5,S,Black,#1E1A1F,Black,Stretchy,Solid,Tops > Tank Tops,Black,S,Stretchy,Solid,Everyday,Scoop,Sleeveless,,Bra,,,,,,,,,,palma-tank-top.jpg
89,PARAJUMPERS-9629180,Panda Jacket,Parajumpers,Shopbop,WOMEN,Puffers & Parkas,Tops,Jackets & Coats,Puffers & Parkas,Tops > Jackets & Coats > Puffers & Parkas,"Parajumpers' relaxed take on the puffers & parkas. It is cut from cotton fabric, in black, finished with a hooded neckline.",IN_STOCK,NEW,USD,794,674.9,S,Black,#1F2119,Black,Cotton,Solid,Tops > Jackets & Coats > Puffers & Parkas,Black,S,Cotton,Solid,,Hooded,Long,,Long,,,,,,,,Zipper,Outer,panda-jacket.jpg
90,ACNE-STUDIOS-0207416,Pansy N Face Hat,Acne Studios,Shopbop,WOMEN,Baseball,Hats,Baseball,,Hats > Baseball,"A versatile baseball hat from Acne Studios. It is cut from knit fabric, in grey melange. Styled for everyday.",IN_STOCK,NEW,USD,150,90,One Size,Grey Melange,#8C918B,Grey,Knit,Solid,Hats > Baseball,Grey,,Knit,Solid,Everyday,,,,,,,,,,,,,,pansy-n-face-hat.jpg
91,ACNE-STUDIOS-0207416-01,Pansy N Face Hat - Black,Acne Studios,Shopbop,WOMEN,Baseball,Hats,Baseball,,Hats > Baseball,"A refined baseball hat from Acne Studios. It is cut from cotton fabric, in black. Styled for everyday.",IN_STOCK,NEW,USD,150,105,One Size,Black,#141416,Black,Cotton,Solid,Hats > Baseball,Black,,Cotton,Solid,Everyday,,,,,,,,,,,,,,pansy-n-face-hat.jpg
92,GIRLFRIEND-C-8672036,Pocket Bike Shorts,Girlfriend Collective,Shopbop,WOMEN,Active,Bottoms,Shorts,Active,Bottoms > Shorts > Active,"This understated active bottoms by Girlfriend Collective is a closet staple. It is cut from stretchy fabric, in black, finished with a crew neckline. Styled for active.",OUT_OF_STOCK,NEW,USD,58,40.6,S,Black,#201E24,Black,Stretchy,Solid,Bottoms > Shorts > Active,Black,XL,Stretchy,Solid,Active,Crew,Sleeveless,Fitted,Short,High,Short (<6 in),Skinny,Ankle,Flat (<1 in),Block,Round,Button,Base,pocket-bike-shorts.jpg
93,STAUD-5443206,Prato Top,STAUD,Shopbop,WOMEN,Crop Tops,Tops,Crop Tops,,Tops > Crop Tops,"STAUD's understated take on the crop top. It is cut from cotton fabric, in wild orchid, finished with a crew neckline. Styled for everyday.",IN_STOCK,NEW,USD,195,165.75,S,Wild Orchid,#E591B0,Pink,Cotton,Solid,Tops > Crop Tops,Pink,S,Cotton,Solid,Everyday,Crew,Short,Puffy,Cropped,Mid,,,,,,,,,prato-top.jpg
94,LEE-MATHEWS-0895128,Preston Shorts,Lee Mathews,Shopbop,WOMEN,Tailored,Bottoms,Shorts,Tailored,Bottoms > Shorts > Tailored,"Lee Mathews' easy-wearing take on the tailored bottoms. It is cut from cotton fabric, in khaki, a short length. Styled for everyday.",IN_STOCK,NEW,USD,280,280,0,Khaki,#2B8941,Green,Cotton,Solid,Bottoms > Shorts > Tailored,Green,0,Cotton,Solid,Everyday,,,,Short,High,Short (<6 in),,,,,,,,preston-shorts.jpg
95,R13-2857220,R13 Square Shoulder Tweed Jacket,R13,Shopbop,WOMEN,Blazers,Tops,Jackets & Coats,Blazers,Tops > Jackets & Coats > Blazers,"This relaxed blazer by R13 is a closet staple. It is cut from knit fabric, in black tweed, finished with a collared neckline. Styled for everyday.",IN_STOCK,NEW,USD,1795,1077,XS,Black Tweed,#23231F,Black,Knit,Solid,Tops > Jackets & Coats > Blazers,Black,L,Knit,Solid,Everyday,Collared,Short,Puffy,Cropped,High,,,,,,,Button,Outer,r13-square-shoulder-tweed-jacket.jpg
96,VINCE-0739643,Ribbed V Neck Cardigan,Vince,Shopbop,WOMEN,Cardigans,Tops,Sweaters & Knits,Cardigans,Tops > Sweaters & Knits > Cardigans,"Vince's easy-wearing take on the cardigan. It is cut from cotton fabric, in optic white, finished with a v-neck neckline. Styled for everyday.",IN_STOCK,NEW,USD,295,265.5,S,Optic White,#FDFAFC,White,Cotton,Solid,Tops > Sweaters & Knits > Cardigans,White,S,Cotton,Solid,Everyday,V-Neck,Long,,Cropped,,,,,,,,Button,,ribbed-v-neck-cardigan.jpg
97,LOVESHACKFAN-0132252,Robyn Dress,LoveShackFancy,Shopbop,WOMEN,Sundresses,Dresses,Sundresses,,Dresses > Sundresses,"This versatile sundress by LoveShackFancy is a closet staple. It is cut from cotton fabric, in a floral print, finished with a square neckline. Styled for vacation.",IN_STOCK,NEW,USD,495,346.5,XS,Sailor Suit,#324CBC,Blue,Cotton,Floral,Dresses > Sundresses,Blue,XS,Cotton,Floral,Vacation,Square,Sleeveless,,Maxi,High,,,,,,,,,robyn-dress.jpg
98,AZEEZA-1296045,Rory Puff Sleeve Dress,Azeeza,Shopbop,WOMEN,Cocktail,Dresses,Cocktail,,Dresses > Cocktail,"An elevated cocktail dress from Azeeza. It is cut from knit fabric, in magenta, finished with a square neckline. Styled for event.",IN_STOCK,NEW,USD,995,995,XS,Magenta,#E994B5,Pink,Knit,Solid,Dresses > Cocktail,Pink,XS,Knit,Solid,Event,Square,Short,Puffy,Midi,Mid,,,,,,,,,rory-puff-sleeve-dress.jpg
99,WORTHY-THREA-3691814,Sage Tie Dye Hoodie,Worthy Threads,Shopbop,WOMEN,Sweatshirts,Tops,Sweatshirts,,Tops > Sweatshirts,"Worthy Threads' refined take on the sweatshirt. It is cut from cotton fabric, in olive green/white, finished with a crew neckline. Styled for everyday.",IN_STOCK,NEW,USD,198,168.3,S,Olive Green/White,#FCFDF1,White,Cotton,,Tops > Sweatshirts,White,S,Cotton,,Everyday,Crew,Long,,Mid,,,,,,,,,,sage-tie-dye-hoodie.jpg
100,WORTHY-THREA-9469900,Sage Tie Dye Joggers,Worthy Threads,Shopbop,WOMEN,Sweatpants,Bottoms,Pants,Sweatpants,Bottoms > Pants > Sweatpants,"This easy-wearing sweatpant by Worthy Threads is a closet staple. It is cut from cotton fabric, in olive green/white, an ankle length. Styled for lounge.",IN_STOCK,NEW,USD,138,103.5,S,Olive Green/White,#FAF0F9,White,Cotton,,Bottoms > Pants > Sweatpants,White,S,Cotton,,Lounge,,,,Ankle,Mid,Regular (30 in - 33 in),Jogger,,,,,,,sage-tie-dye-joggers.jpg
101,BAUM-UND-PFE-9100959,Savi Skirt,BAUM UND PFERDGARTEN,Shopbop,WOMEN,Skirts,Bottoms,Skirts,,Bottoms > Skirts,"BAUM UND PFERDGARTEN's polished take on the skirt. It is cut from cotton fabric, in black, a mini length. Styled for everyday.",OUT_OF_STOCK,NEW,USD,199,139.3,32,Black,#1D2223,Black,Cotton,Solid,Bottoms > Skirts,Black,32,Cotton,Solid,Everyday,,,,Mini,Mid,,,,Low (1 in - 2 in),,Pointed,,,savi-skirt.jpg
102,ORIBE-9026232,Shampoo for Moisture & Control,Oribe,Shopbop,UNISEX,Hair,Beauty,Hair,,Beauty > Hair,This polished hair beauty pick by Oribe is a closet staple. It is in no color.,IN_STOCK,NEW,USD,46,27.6,8.5 oz/250 mL,No Color,,,,,Beauty > Hair,,,,,,,,,,,,,,,,,,,shampoo-for-moisture-control.jpg
103,WHITE-WARREN-0762187,Silk Cashmere Crewneck Cardigan,White + Warren,Shopbop,WOMEN,Cardigans,Tops,Sweaters & Knits,Cardigans,Tops > Sweaters & Knits > Cardigans,"A polished cardigan from White + Warren. It is cut from knit fabric, in chalk, finished with a crew neckline. Styled for everyday.",OUT_OF_STOCK,NEW,USD,250,250,S,Chalk,#F4FBF0,White,Knit,Solid,Tops > Sweaters & Knits > Cardigans,White,S,Knit,Solid,Everyday,Crew,Long,,Cropped,,,,,,,,Button,,silk-cashmere-crewneck-cardigan.jpg
104,AMO-3585784,Sleeveless Babe Tee,AMO,Shopbop,WOMEN,Tank Tops,Tops,Tank Tops,,Tops > Tank Tops,"An easy-wearing tank top from AMO. It is cut from cotton fabric, in white, finished with a scoop neckline. Styled for everyday.",IN_STOCK,USED,USD,95,66.5,S,White,#F3EFEE,White,Cotton,Solid,Tops > Tank Tops,White,S,Cotton,Solid,Everyday,Scoop,Sleeveless,,Cropped,,,,,,,,,,sleeveless-babe-tee.jpg
105,AMO-3585784-01,Sleeveless Babe Tee - Vintage Black,AMO,Shopbop,WOMEN,Tank Tops,Tops,Tank Tops,,Tops > Tank Tops,"A structured tank top from AMO. It is cut from cotton fabric, in vintage black, finished with a crew neckline. Styled for everyday.",IN_STOCK,NEW,USD,95,57,S,Vintage Black,#172424,Black,Cotton,Solid,Tops > Tank Tops,Black,S,Cotton,Solid,Everyday,Crew,Sleeveless,,Cropped,,,,,,,,,,sleeveless-babe-tee.jpg
106,MOTHER-2134661,Spirit Guide Crew Socks,MOTHER,Shopbop,UNISEX,Socks,Accessories,Socks,,Accessories > Socks,"MOTHER's easy-wearing take on the sock. It is cut from cotton fabric, in a graphic print. Styled for everyday.",IN_STOCK,NEW,USD,24,24,One Size,Spirit Guide,#F7FFF7,White,Cotton,Graphic,Accessories > Socks,White,,Cotton,Graphic,Everyday,,,,,,,,,,,Round,,,spirit-guide-crew-socks.jpg
107,ILLESTEVA-6417560,Stockholm Matte Black Sunglasses,Illesteva,Shopbop,UNISEX,Eyewear,Eyewear,,,Eyewear,An elevated eyewear from Illesteva. It is in matte black.,OUT_OF_STOCK,NEW,USD,260,221,One Size,Matte Black,#1F1A23,Black,,,Eyewear,Black,,,,,,,,,,,,,,,,,,stockholm-matte-black-sunglasses.jpg
108,APL-ATHLETIC-1551301,Techloom Breeze Sneakers,APL: Athletic Propulsion Labs,Shopbop,WOMEN,Sneakers,Footwear,Sneakers,,Footwear > Sneakers,"APL: Athletic Propulsion Labs' refined take on the sneaker. It is cut from stretchy fabric, in peppermint/energy/white, a flat (<1 in) heel. Styled for active.",IN_STOCK,NEW,USD,200,150,7.5,Peppermint/Energy/White,#F2D337,Yellow,Stretchy,Solid,Footwear > Sneakers,Yellow,7.5,Stretchy,Solid,Active,,,,,,,,,Flat (<1 in),Flat,Round,,,techloom-breeze-sneakers.jpg
109,DR-BARBARA-S-4875832,The Better B - Niacinamide Serum,Dr. Barbara Sturm,Shopbop,UNISEX,Skincare,Beauty,Skincare,,Beauty > Skincare,Dr. Barbara Sturm's relaxed take on the skincare beauty pick. It is in no color.,IN_STOCK,NEW,USD,145,130.5,1.0 oz/30 mL,No Color,,,,,Beauty > Skincare,,,,,,,,,,,,,,,,,,,the-better-b-niacinamide-serum.jpg
110,DR-BARBARA-S-4875832-01,The Better B - Niacinamide Serum - string,Dr. Barbara Sturm,Shopbop,UNISEX,Skincare,Beauty,Skincare,,Beauty > Skincare,"Dr. Barbara Sturm's refined take on the skincare beauty pick. It is cut from swim fabric, in string. Styled for everyday.",IN_STOCK,NEW,USD,1.23,1.23,string,string,#85848C,Grey,Swim,Solid,Beauty > Skincare,,,Swim,Solid,Everyday,,,,,,,,,,,,,,the-better-b-niacinamide-serum.jpg
111,SOLID-STRIPE-6514282,The Carson Dress,Solid & Striped,Shopbop,WOMEN,Sundresses,Dresses,Sundresses,,Dresses > Sundresses,"Solid & Striped's laid-back take on the sundress. It is cut from knit fabric, in pistachio, finished with a v-neck neckline. Styled for vacation.",IN_STOCK,NEW,USD,198,178.2,XS,Pistachio,#307A4E,Green,Knit,Solid,Dresses > Sundresses,Green,XS,Knit,Solid,Vacation,V-Neck,Sleeveless,,Midi,Mid,,,,,,,,,the-carson-dress.jpg
112,THE-GREAT-2635518,The Sea Trousers.,THE GREAT.,Shopbop,WOMEN,Trousers,Bottoms,Pants,Trousers,Bottoms > Pants > Trousers,"This versatile trousers by THE GREAT. is a closet staple. It is cut from cotton fabric, in cream, an ankle length. Styled for everyday.",IN_STOCK,NEW,USD,265,238.5,0,Cream,#F0E5D8,Cream,Cotton,Solid,Bottoms > Pants > Trousers,Cream,0,Cotton,Solid,Everyday,,,,Ankle,High,Cropped (<27 in),Wide Leg,,,,,Button,,the-sea-trousers.jpg
113,ROSIE-ASSOUL-9415170,Thousand-In-One-Ways Sweater,Rosie Assoulin,Shopbop,WOMEN,Pullovers,Tops,Sweaters & Knits,Pullovers,Tops > Sweaters & Knits > Pullovers,"An understated pullover from Rosie Assoulin. It is cut from cotton fabric, in a stripe print, finished with a crew neckline. Styled for everyday.",IN_STOCK,NEW,USD,895,895,S,Rainbow,#CA292E,Red,Cotton,Stripe,Tops > Sweaters & Knits > Pullovers,Multi,L,Cotton,Stripe,Everyday,Crew,Long,,Cropped,High,,,,,,,,,thousand-in-one-ways-sweater.jpg
114,CLU-0106230,Tie-Dye Pullover,Clu,Shopbop,WOMEN,Pullovers,Tops,Sweaters & Knits,Pullovers,Tops > Sweaters & Knits > Pullovers,"This polished pullover by Clu is a closet staple. It is cut from cotton fabric, in multi, finished with a crew neckline. Styled for everyday.",IN_STOCK,NEW,USD,161,112.7,S,Multi,#1A1D1D,Black,Cotton,,Tops > Sweaters & Knits > Pullovers,Multi,S,Cotton,,Everyday,Crew,Long,,Mid,,,,,,,,,Mid 1,tie-dye-pullover.jpg
115,CLU-5825632,Tie-Dye Shorts,Clu,Shopbop,WOMEN,Active,Bottoms,Shorts,Active,Bottoms > Shorts > Active,"This versatile active bottoms by Clu is a closet staple. It is cut from cotton fabric, in multi, finished with a crew neckline. Styled for active.",PREORDER,NEW,USD,150,150,XS,Multi,#CF2F32,Red,Cotton,,Bottoms > Shorts > Active,Multi,L,Cotton,,Active,Crew,Sleeveless,Straight,Short,Mid,Short (<6 in),Straight Leg,Ankle,Flat (<1 in),Flat,Round,Button,Base,tie-dye-shorts.jpg
116,SZ-BLOCKPRIN-4186472,Tier Dress,SZ Blockprints,Shopbop,WOMEN,Sundresses,Dresses,Sundresses,,Dresses > Sundresses,"SZ Blockprints' laid-back take on the sundress. It is cut from cotton fabric, in a check print, finished with a v-neck neckline. Styled for vacation.",BACKORDER,NEW,USD,185,111,S,Gingham Print in Stem Green,#2E7C3E,Green,Cotton,Check,Dresses > Sundresses,Green,S,Cotton,Check,Vacation,V-Neck,Sleeveless,,Midi,Mid,,,,,,,,,tier-dress.jpg
117,SZ-BLOCKPRIN-4186472-01,Tier Dress - Stem Green,SZ Blockprints,Shopbop,WOMEN,Sundresses,Dresses,Sundresses,,Dresses > Sundresses,"SZ Blockprints' modern take on the sundress. It is cut from cotton fabric, in a check print, finished with a v-neck neckline. Styled for vacation.",IN_STOCK,NEW,USD,92.5,74,S,Stem Green,#2A8646,Green,Cotton,Check,Dresses > Sundresses,Green,S,Cotton,Check,Vacation,V-Neck,Sleeveless,,Midi,Mid,,,,,,,,,tier-dress.jpg
118,SPLITS59-7135323,Tilda Sweatshirt,Splits59,Shopbop,WOMEN,Sweatshirts,Tops,Sweatshirts,,Tops > Sweatshirts,"Splits59's structured take on the sweatshirt. It is cut from cotton fabric, in a check print, finished with a crew neckline. Styled for active.",IN_STOCK,NEW,USD,124,99.2,XS,Vintage White/Army Check,#FFF9F3,White,Cotton,Check,Tops > Sweatshirts,White,XS,Cotton,Check,Active,Crew,Long,,Mid,,,,,,,,,,tilda-sweatshirt.jpg
119,SPLITS59-7135323-01,Tilda Sweatshirt - Vintage White/Army Check,Splits59,Shopbop,WOMEN,Sweatshirts,Tops,Sweatshirts,,Tops > Sweatshirts,"Splits59's structured take on the sweatshirt. It is cut from cotton fabric, in a check print, finished with a crew neckline. Styled for active.",OUT_OF_STOCK,NEW,USD,124,105.4,S,Vintage White/Army Check,#F1F7FC,White,Cotton,Check,Tops > Sweatshirts,White,S,Cotton,Check,Active,Crew,Long,,Midi,,,,,,,,,,tilda-sweatshirt.jpg
120,VANS-2477184,UA Classic Slip On Sneakers,Vans,Shopbop,WOMEN,Sneakers,Footwear,Sneakers,,Footwear > Sneakers,"This elevated sneaker by Vans is a closet staple. It is cut from cotton fabric, in a check print, a flat (<1 in) heel. Styled for active.",IN_STOCK,NEW,USD,50,35,7.5,Black & White Checkerboard,#FFFFF4,White,Cotton,Check,Footwear > Sneakers,White,7.5,Cotton,Check,Active,,,,,,,,,Flat (<1 in),Flat,Round,,,ua-classic-slip-on-sneakers.jpg
121,VANS-2477184-01,UA Classic Slip On Sneakers - Black & White Checkerboard,Vans,Shopbop,WOMEN,Sneakers,Footwear,Sneakers,,Footwear > Sneakers,"Vans' elevated take on the sneaker. It is cut from cotton fabric, in a check print, a flat (<1 in) heel. Styled for everyday.",OUT_OF_STOCK,NEW,USD,50,50,5,Black & White Checkerboard,#F5EFED,White,Cotton,Check,Footwear > Sneakers,White,5,Cotton,Check,Everyday,,,,,,,,,Flat (<1 in),Flat,Round,,,ua-classic-slip-on-sneakers.jpg
122,WARDROBE-NYC-6895055,Utility Pant,WARDROBE.NYC,Shopbop,WOMEN,Sweatpants,Bottoms,Pants,Sweatpants,Bottoms > Pants > Sweatpants,"WARDROBE.NYC's structured take on the sweatpant. It is cut from stretchy fabric, in black, an ankle length. Styled for lounge.",IN_STOCK,NEW,USD,500,500,XS,Black,#15201C,Black,Stretchy,Solid,Bottoms > Pants > Sweatpants,Black,XS,Stretchy,Solid,Lounge,,,,Ankle,Mid,Regular (30 in - 33 in),Jogger,,,,,,,utility-pant.jpg
123,VINCE-4929779,Washed Cotton Shorts,Vince,Shopbop,WOMEN,Tailored,Bottoms,Shorts,Tailored,Bottoms > Shorts > Tailored,"An elevated tailored bottoms from Vince. It is cut from cotton fabric, in cocoon, a short length. Styled for everyday.",IN_STOCK,NEW,USD,225,225,0,Cocoon,#C4A186,Tan,Cotton,Solid,Bottoms > Shorts > Tailored,Tan,0,Cotton,Solid,Everyday,,,,Short,High,"Knee-Length Short (10""-18"")",,,Medium (2 in - 3 in),Block,Square,,,washed-cotton-shorts.jpg
124,VINCE-4929779-01,Washed Cotton Shorts - Coastal,Vince,Shopbop,WOMEN,Tailored,Bottoms,Shorts,Tailored,Bottoms > Shorts > Tailored,"A relaxed tailored bottoms from Vince. It is cut from cotton fabric, in coastal, a short length. Styled for everyday.",IN_STOCK,NEW,USD,225,225,0,Coastal,#294FB1,Blue,Cotton,Solid,Bottoms > Shorts > Tailored,Blue,0,Cotton,Solid,Everyday,,,,Short,Mid,Short (<6 in),,,,,,,,washed-cotton-shorts.jpg
125,BA-SH-5633300,Wilam Cardigan,ba&sh,Shopbop,WOMEN,Cardigans,Tops,Sweaters & Knits,Cardigans,Tops > Sweaters & Knits > Cardigans,"A refined cardigan from ba&sh. It is cut from cotton fabric, in blanc, finished with a v-neck neckline. Styled for everyday.",IN_STOCK,NEW,USD,250,250,1,Blanc,#FAF7EF,White,Cotton,Solid,Tops > Sweaters & Knits > Cardigans,White,L,Cotton,Solid,Everyday,V-Neck,Long,Straight,,Mid,,,,,,,Button,Mid 1,wilam-cardigan.jpg
126,AEYDE-5847582,Wilma Laminated Nappa Leather Silver Sandals,AEYDE,Shopbop,WOMEN,Strappy,Footwear,Sandals,Strappy,Footwear > Sandals > Strappy,"AEYDE's structured take on the strappy shoe. It is cut from leather fabric, in silver, a medium (2 in - 3 in) heel. Styled for everyday.",IN_STOCK,NEW,USD,345,345,37.5,Silver,#BCBDC7,Silver,Leather,Solid,Footwear > Sandals > Strappy,Silver,37.5,Leather,Solid,Everyday,,,,,,,,,Medium (2 in - 3 in),Block,Open,Buckle,,wilma-laminated-nappa-leather-silver-sandals.jpg
127,AEYDE-5847582-01,Wilma Laminated Nappa Leather Silver Sandals - Silver,AEYDE,Shopbop,WOMEN,Strappy,Footwear,Sandals,Strappy,Footwear > Sandals > Strappy,"An understated strappy shoe from AEYDE. It is cut from leather fabric, in silver, sleeveless sleeves.",IN_STOCK,NEW,USD,345,293.25,38,Silver,#BBCBCF,Silver,Leather,Solid,Footwear > Sandals > Strappy,Silver,38,Leather,Solid,,,Sleeveless,,,,,,,Low (1 in - 2 in),Block,Open,Buckle,,wilma-laminated-nappa-leather-silver-sandals.jpg
128,AEYDE-5847582-02,Wilma Laminated Nappa Leather Silver Sandals - Silver,AEYDE,Shopbop,WOMEN,Strappy,Footwear,Sandals,Strappy,Footwear > Sandals > Strappy,"An understated strappy shoe from AEYDE. It is cut from leather fabric, in silver, a low (1 in - 2 in) heel.",IN_STOCK,NEW,USD,1.23,1.23,,Silver,#BFBDCE,Silver,Leather,Solid,Footwear > Sandals > Strappy,Silver,,Leather,Solid,,,,,,,,,,Low (1 in - 2 in),Block,Open,,,wilma-laminated-nappa-leather-silver-sandals.jpg
129,GIA-BORGHINI-3818005,x Pernille Teisbaek 80MM Sandals,Gia Borghini,Shopbop,WOMEN,Strappy,Footwear,Sandals,Strappy,Footwear > Sandals > Strappy,"A structured strappy shoe from Gia Borghini. It is cut from leather fabric, in nude brown, a high (>3 in) heel.",IN_STOCK,NEW,USD,425,361.25,38,Nude Brown,#724F32,Brown,Leather,Solid,Footwear > Sandals > Strappy,Brown,38,Leather,Solid,,,,,,,,,,High (>3 in),Skinny,Square,,,x-pernille-teisbaek-80mm-sandals.jpg